{"name":"RedeCredenciadaIntent","identifier":"UDLTAJNWDA","description":null,"parentIntentSignature":null,"sampleUtterances":[{"utterance":"quero ver a rede credenciada"},{"utterance":"rede credenciada"},{"utterance":"rede"},{"utterance":"qual a rede credenciada"},{"utterance":"encontrar clínicas"},{"utterance":"clínicas "},{"utterance":"clinicas na minha cidad"},{"utterance":"redes na minha cidade"},{"utterance":"na minha cidade"}],"intentConfirmationSetting":null,"intentClosingSetting":null,"initialResponseSetting":{"nextStep":{"sessionAttributes":{},"dialogAction":{"type":"ElicitSlot","slotToElicit":"medicoEspecialista","suppressNextMessage":null},"intent":{"name":null,"slots":{}}},"conditional":null,"codeHook":{"isActive":false,"invocationLabel":null,"postCodeHookSpecification":{"successConditional":null,"timeoutResponse":null,"timeoutNextStep":{"sessionAttributes":{},"dialogAction":null,"intent":{"name":null,"slots":{}}},"timeoutConditional":null,"failureResponse":null,"failureNextStep":{"sessionAttributes":{},"dialogAction":null,"intent":{"name":null,"slots":{}}},"failureConditional":null,"successResponse":null,"successNextStep":{"sessionAttributes":{},"dialogAction":null,"intent":{"name":null,"slots":{}}}},"enableCodeHookInvocation":false},"initialResponse":{"messageGroupsList":[{"message":{"ssmlMessage":null,"customPayload":null,"plainTextMessage":{"value":"Bem vindo à pesquisa de Rede Credenciada."},"imageResponseCard":null},"variations":null}],"allowInterrupt":true}},"inputContexts":null,"outputContexts":null,"kendraConfiguration":null,"dialogCodeHook":null,"fulfillmentCodeHook":null,"slotPriorities":[{"priority":0,"slotName":"medicoEspecialista"}]}