{"name":"Especialista","identifier":"7UCUQAX3F4","description":null,"slotTypeValues":[{"synonyms":[{"value":"medico do coração"},{"value":"médico do coração"}],"sampleValue":{"value":"Cardiologistas"}},{"synonyms":[{"value":"oftalmo"},{"value":"oculista"}],"sampleValue":{"value":"Oftalmologistas"}},{"synonyms":[{"value":"médico de criança"}],"sampleValue":{"value":"Pediatras"}},{"synonyms":[{"value":"gineco"}],"sampleValue":{"value":"Ginecologistas"}}],"parentSlotTypeSignature":null,"valueSelectionSetting":{"resolutionStrategy":"TOP_RESOLUTION","regexFilter":null}}