{"name":"Especialista","identifier":"WWSFHHHDVN","description":null,"slotTypeValues":[{"sampleValue":{"value":"Clínico geral"},"synonyms":null},{"sampleValue":{"value":"Nutricionista"},"synonyms":null},{"sampleValue":{"value":"Cardiologista"},"synonyms":null},{"sampleValue":{"value":"clínico"},"synonyms":null},{"sampleValue":{"value":"clinico"},"synonyms":null},{"sampleValue":{"value":"Oftalmologista"},"synonyms":null},{"sampleValue":{"value":"oftalmo"},"synonyms":null}],"parentSlotTypeSignature":null,"valueSelectionSetting":{"resolutionStrategy":"ORIGINAL_VALUE","regexFilter":null}}