{"name":"OpcaoUsuarioSlot","identifier":"DKC05LGQ8B","description":"Menu Serviços","slotTypeName":"Servicos","obfuscationSetting":null,"valueElicitationSetting":{"slotCaptureSetting":{"codeHook":null,"captureResponse":null,"captureNextStep":{"sessionAttributes":{},"intent":{"name":null,"slots":{}},"dialogAction":{"type":"EvaluateConditional","slotToElicit":null,"suppressNextMessage":null}},"captureConditional":{"isActive":true,"conditionalBranches":[{"name":"planos","response":null,"nextStep":{"sessionAttributes":{},"intent":{"name":"PlanoIntent","slots":{}},"dialogAction":{"type":"StartIntent","slotToElicit":null,"suppressNextMessage":null}},"condition":{"expressionString":"{OpcaoUsuarioSlot} = \"Planos\""}},{"name":"consulta","response":null,"nextStep":{"sessionAttributes":{},"intent":{"name":"AgendarConsultaIntent","slots":{}},"dialogAction":{"type":"StartIntent","slotToElicit":null,"suppressNextMessage":null}},"condition":{"expressionString":"{OpcaoUsuarioSlot} = \"Consulta\" || {OpcaoUsuarioSlot} = \"consulta\" || {OpcaoUsuarioSlot} = \"Agendar Consulta\" || {OpcaoUsuarioSlot} = \"agendar consulta\" || {OpcaoUsuarioSlot} = \"Agendar\" || {OpcaoUsuarioSlot} = \"agendar\" || {OpcaoUsuarioSlot} = \"marcar consulta\" || {OpcaoUsuarioSlot} = \"Marcar Consulta\" || {OpcaoUsuarioSlot} = \"marcar\""}},{"name":"rede","response":null,"nextStep":{"sessionAttributes":{},"intent":{"name":"RedeCredenciadaIntent","slots":{}},"dialogAction":{"type":"StartIntent","slotToElicit":null,"suppressNextMessage":null}},"condition":{"expressionString":"{OpcaoUsuarioSlot} = \"Rede\""}},{"name":"cartao","response":null,"nextStep":{"sessionAttributes":{},"intent":{"name":"CartaoIntent","slots":{}},"dialogAction":{"type":"StartIntent","slotToElicit":null,"suppressNextMessage":null}},"condition":{"expressionString":"{OpcaoUsuarioSlot} = \"Cartão\" "}}],"defaultBranch":{"response":{"messageGroupsList":[{"message":{"ssmlMessage":null,"customPayload":null,"plainTextMessage":{"value":"Desculpe, não entendi. Vamos tentar novamente?"},"imageResponseCard":null},"variations":null}],"allowInterrupt":true},"nextStep":{"sessionAttributes":{},"intent":{"name":null,"slots":{}},"dialogAction":{"type":"ElicitSlot","slotToElicit":"OpcaoUsuarioSlot","suppressNextMessage":null}}}},"failureResponse":{"messageGroupsList":[{"message":{"ssmlMessage":null,"customPayload":null,"plainTextMessage":{"value":"Desculpe, não entendi. Vamos tentar novamente?"},"imageResponseCard":null},"variations":null}],"allowInterrupt":true},"failureNextStep":{"sessionAttributes":{},"intent":{"name":null,"slots":{}},"dialogAction":{"type":"StartIntent","slotToElicit":null,"suppressNextMessage":null}},"failureConditional":null,"elicitationCodeHook":{"enableCodeHookInvocation":true,"invocationLabel":null}},"promptSpecification":{"messageGroupsList":[{"message":{"ssmlMessage":null,"customPayload":null,"plainTextMessage":{"value":"{name}, por favor,"},"imageResponseCard":null},"variations":null},{"message":{"ssmlMessage":null,"customPayload":null,"plainTextMessage":null,"imageResponseCard":{"title":"Escolha um de nossos serviços:","buttonsList":[{"value":"Planos","text":"Ver planos"},{"value":"Rede","text":"Médicos credenciados"},{"value":"Consulta","text":"Agendar uma consulta"},{"value":"Cartão","text":"Solicitar 2ª via do Cartão"}],"subtitle":null,"imageUrl":null}},"variations":null}],"maxRetries":4,"allowInterrupt":true,"messageSelectionStrategy":"Random","promptAttemptsSpecification":{"Initial":{"textInputSpecification":{"startTimeoutMs":30000},"allowedInputTypes":{"allowAudioInput":true,"allowDTMFInput":true},"audioAndDTMFInputSpecification":{"startTimeoutMs":4000,"audioSpecification":{"endTimeoutMs":640,"maxLengthMs":15000},"dtmfSpecification":{"maxLength":513,"endTimeoutMs":5000,"deletionCharacter":"*","endCharacter":"#"}},"allowInterrupt":true},"Retry1":{"textInputSpecification":{"startTimeoutMs":30000},"allowedInputTypes":{"allowAudioInput":true,"allowDTMFInput":true},"audioAndDTMFInputSpecification":{"startTimeoutMs":4000,"audioSpecification":{"endTimeoutMs":640,"maxLengthMs":15000},"dtmfSpecification":{"maxLength":513,"endTimeoutMs":5000,"deletionCharacter":"*","endCharacter":"#"}},"allowInterrupt":true},"Retry4":{"textInputSpecification":{"startTimeoutMs":30000},"allowedInputTypes":{"allowAudioInput":true,"allowDTMFInput":true},"audioAndDTMFInputSpecification":{"startTimeoutMs":4000,"audioSpecification":{"endTimeoutMs":640,"maxLengthMs":15000},"dtmfSpecification":{"maxLength":513,"endTimeoutMs":5000,"deletionCharacter":"*","endCharacter":"#"}},"allowInterrupt":true},"Retry3":{"textInputSpecification":{"startTimeoutMs":30000},"allowedInputTypes":{"allowAudioInput":true,"allowDTMFInput":true},"audioAndDTMFInputSpecification":{"startTimeoutMs":4000,"audioSpecification":{"endTimeoutMs":640,"maxLengthMs":15000},"dtmfSpecification":{"maxLength":513,"endTimeoutMs":5000,"deletionCharacter":"*","endCharacter":"#"}},"allowInterrupt":true},"Retry2":{"textInputSpecification":{"startTimeoutMs":30000},"allowedInputTypes":{"allowAudioInput":true,"allowDTMFInput":true},"audioAndDTMFInputSpecification":{"startTimeoutMs":4000,"audioSpecification":{"endTimeoutMs":640,"maxLengthMs":15000},"dtmfSpecification":{"maxLength":513,"endTimeoutMs":5000,"deletionCharacter":"*","endCharacter":"#"}},"allowInterrupt":true}}},"slotConstraint":"Required","defaultValueSpecification":null,"sampleUtterances":[{"utterance":"cartão"},{"utterance":"Cartão"},{"utterance":"menu"},{"utterance":"planos"},{"utterance":"ver planos"},{"utterance":"segunda via do cartão"},{"utterance":"rede"},{"utterance":"Rede credenciada"},{"utterance":"consula"},{"utterance":"agendar consulta"}],"waitAndContinueSpecification":null},"multipleValuesSetting":null}