{"name":"medicoEspecialista","identifier":"FW6BIVA2Q7","description":null,"slotTypeName":"Especialista","obfuscationSetting":null,"valueElicitationSetting":{"slotCaptureSetting":{"codeHook":null,"captureResponse":{"messageGroupsList":[{"message":{"ssmlMessage":null,"customPayload":null,"plainTextMessage":{"value":"Nossos {medicoEspecialista} credenciados à Compasso Health são:"},"imageResponseCard":null},"variations":null}],"allowInterrupt":true},"captureNextStep":{"sessionAttributes":null,"dialogAction":{"type":"EvaluateConditional","slotToElicit":null,"suppressNextMessage":null},"intent":{"name":null,"slots":{}}},"captureConditional":{"isActive":true,"defaultBranch":{"response":null,"nextStep":{"sessionAttributes":null,"dialogAction":{"type":"EndConversation","slotToElicit":null,"suppressNextMessage":null},"intent":{"name":null,"slots":null}}},"conditionalBranches":[{"name":"oftalmo","response":{"messageGroupsList":[{"message":{"ssmlMessage":null,"customPayload":null,"plainTextMessage":{"value":"Dr. Fabio Ferreira. Endereço: Av. Dom Pedro II, nº 892, São Lourenço/MG. Telefone: (35) 2144-7100"},"imageResponseCard":null},"variations":null},{"message":{"ssmlMessage":null,"customPayload":null,"plainTextMessage":{"value":"Dr. Jose Roberto Torres. Endereço: R. Senador Camara, nº 1206, São Lourenço/MG. Telefone: (35) 3332-7000."},"imageResponseCard":null},"variations":null},{"message":{"ssmlMessage":null,"customPayload":null,"plainTextMessage":{"value":"Dr. Bruno Almeida. Endereço: R. Ida Mascarenhas Lage, nº 310, São Lourenço/MG. Telefone: (35) 3331-9136. "},"imageResponseCard":null},"variations":null}],"allowInterrupt":true},"nextStep":{"sessionAttributes":null,"dialogAction":{"type":"CloseIntent","slotToElicit":null,"suppressNextMessage":null},"intent":{"name":null,"slots":null}},"condition":{"expressionString":"Se {medicoEspecialista} = \"Oftalmologistas\""}},{"name":"pediatra","response":{"messageGroupsList":[{"message":{"ssmlMessage":null,"customPayload":null,"plainTextMessage":{"value":"Dra. Tereza Almeida. Endereço: Av. Damião Junqueira De Souza, nº 726, São Lourenço/MG. Telefone: (35) 3332-2129."},"imageResponseCard":null},"variations":null},{"message":{"ssmlMessage":null,"customPayload":null,"plainTextMessage":{"value":"Dra. Andreia Maria. Endereço: R. Senador Camara, nº 80, São Lourenço/MG. Telefone: (35) 3332-8380"},"imageResponseCard":null},"variations":null}],"allowInterrupt":true},"nextStep":{"sessionAttributes":null,"dialogAction":{"type":"CloseIntent","slotToElicit":null,"suppressNextMessage":null},"intent":{"name":null,"slots":null}},"condition":{"expressionString":"Se {medicoEspecialista} = \"Pediatras\""}},{"name":"gineco","response":{"messageGroupsList":[{"message":{"ssmlMessage":null,"customPayload":null,"plainTextMessage":{"value":"Dra. Beatriz Ferreira. Endereço: R. Jaime Sotto Mayor, nº 463, São Lourenço/MG. Telefone: (35) 3332-1307."},"imageResponseCard":null},"variations":null},{"message":{"ssmlMessage":null,"customPayload":null,"plainTextMessage":{"value":"Dra. Livia Barbosa. Endereço: R. Jaime Sotto Mayor, nº 708, São Lourenço/MG. Telefone: (35) 3331-1355."},"imageResponseCard":null},"variations":null}],"allowInterrupt":true},"nextStep":{"sessionAttributes":null,"dialogAction":{"type":"CloseIntent","slotToElicit":null,"suppressNextMessage":null},"intent":{"name":null,"slots":null}},"condition":{"expressionString":"Se {medicoEspecialista} = \"Ginecologistas\""}},{"name":"cardio","response":{"messageGroupsList":[{"message":{"ssmlMessage":null,"customPayload":null,"plainTextMessage":{"value":"Dr. Marcos Antônio. Endereço: R. Senador Luzardo, nº 38, São Lourenço/MG. Telefone: (35) 3732-8202."},"imageResponseCard":null},"variations":null},{"message":{"ssmlMessage":null,"customPayload":null,"plainTextMessage":{"value":"Dra. Vivian Cardoso. Endereço: R. Luiz Camara, nº 120, São Lourenço/MG. Telefone: (35) 3332-1751."},"imageResponseCard":null},"variations":null}],"allowInterrupt":true},"nextStep":{"sessionAttributes":null,"dialogAction":{"type":"CloseIntent","slotToElicit":null,"suppressNextMessage":null},"intent":{"name":null,"slots":null}},"condition":{"expressionString":"Se {medicoEspecialista} = \"Cardiologistas\""}}]},"failureResponse":{"messageGroupsList":[{"message":{"ssmlMessage":null,"customPayload":null,"plainTextMessage":{"value":"Desculpe, não entendi. As especialidades que temos disponíveis são: Clínico Geral, Pediatra, Ginecologista, Oftalmologista e Cardiologista. Qual deseja verificar?"},"imageResponseCard":null},"variations":null}],"allowInterrupt":true},"failureNextStep":{"sessionAttributes":{},"dialogAction":{"type":"ElicitSlot","slotToElicit":"medicoEspecialista","suppressNextMessage":null},"intent":{"name":null,"slots":{}}},"failureConditional":null,"elicitationCodeHook":{"enableCodeHookInvocation":true,"invocationLabel":null}},"promptSpecification":{"messageGroupsList":[{"message":{"ssmlMessage":null,"customPayload":null,"plainTextMessage":{"value":"Qual especialidade está buscando?"},"imageResponseCard":null},"variations":null}],"maxRetries":0,"allowInterrupt":true,"messageSelectionStrategy":"Random","promptAttemptsSpecification":{"Initial":{"allowedInputTypes":{"allowAudioInput":true,"allowDTMFInput":true},"audioAndDTMFInputSpecification":{"dtmfSpecification":{"maxLength":513,"deletionCharacter":"*","endCharacter":"#","endTimeoutMs":5000},"startTimeoutMs":4000,"audioSpecification":{"maxLengthMs":15000,"endTimeoutMs":640}},"allowInterrupt":true,"textInputSpecification":{"startTimeoutMs":30000}}}},"slotConstraint":"Required","defaultValueSpecification":null,"sampleUtterances":null,"waitAndContinueSpecification":null},"multipleValuesSetting":null}