{"name":"Especialista","identifier":"JGOHRL5U1O","description":null,"slotTypeValues":[{"sampleValue":{"value":"Cardiologistas"},"synonyms":[{"value":"medico do coração"},{"value":"médico do coração"}]},{"sampleValue":{"value":"Oftalmologistas"},"synonyms":[{"value":"oftalmo"},{"value":"oculista"}]},{"sampleValue":{"value":"Pediatras"},"synonyms":[{"value":"médico de criança"}]},{"sampleValue":{"value":"Ginecologistas"},"synonyms":[{"value":"gineco"}]}],"parentSlotTypeSignature":null,"valueSelectionSetting":{"resolutionStrategy":"TOP_RESOLUTION","regexFilter":null}}